{
    "format_version": 2,
    "header": {
        "description": "Example vanilla resource pack",
        "name": "Vanilla Resource Pack",
        "uuid": "56ccb8ba-b502-4fe6-a435-5547b50c05d4",
        "version": [0, 0, 1],
        "min_engine_version": [ 1, 14, 0 ]
    },
    "modules": [
        {
            "description": "Example vanilla resource pack",
            "type": "resources",
            "uuid": "17fcb1c7-4315-4de9-8a34-001541768740",
            "version": [0, 0, 1]
        }
    ]
}