{
    "skins":[
        {
            "localization_name": "Custom_slim",
            "geometry": "geometry.humanoid.customSlim",
            "texture": "custom.png",
            "type": "free"
        },
        {
            "localization_name": "Custom",
            "geometry": "geometry.humanoid.custom",
            "texture": "custom.png",
            "type": "free"
        }
    ],
    "serialize_name": "zinx_launcher.text.custom.pack.skin",
    "localization_name": "zinx_launcher.text.custom.pack.skin"
}